{"Vatican City": [41.903333333333, 12.453333333333], "United Kingdom": [55.0, -3.0], "Ukraine": [49.0, 32.0], "Switzerland": [46.833333333333, 8.3333333333333], "Sweden": [63.0, 16.0], "Spain": [40.0, -4.0], "Slovakia": [48.666666666667, 19.5], "Slovenia": [46.116666666667, 14.816666666667], "Serbia": [44.0, 21.0], "San Marino": [43.941666666667, 12.458333333333], "Russia": [60.0, 90.0], "Romania": [46.0, 25.0], "Portugal": [38.7, -9.1833333333333], "Poland": [52.0, 20.0], "Norway": [61.0, 8.0], "Netherlands": [52.316666666667, 5.55], "Montenegro": [42.5, 19.3], "Moldova": [47.0, 29.0], "Monaco": [43.733333333333, 7.4166666666667], "Malta": [35.883333333333, 14.5], "North Macedonia": [41.6, 21.7], "Luxembourg": [49.814444444444, 6.1316666666667], "Lithuania": [55.0, 24.0], "Liechtenstein": [47.14, 9.55], "Kosovo":[42.666666666667, 21.166666666667], "Italy": [43.0, 12.0], "Ireland": [53.416666666667, -8.0], "Iceland": [65.0, -18.0], "Hungary": [47.0, 20.0], "Greece": [39.0, 22.0], "Germany": [51.0, 9.0], "France": [47.0, 2.0], "Finland": [64.0, 26.0], "Estonia": [59.0, 26.0], "Denmark": [56.0, 10.0], "Czech Republic": [49.75, 15.5], "Croatia": [45.166666666667, 15.5], "Bulgaria": [42.75, 25.5], "Bosnia and Herzegovina": [44.0, 18.0], "Belgium": [50.833333333333, 4.0], "Belarus": [53.0, 27.0], "Austria": [47.333333333333, 13.333333333333], "Andorra": [42.5, 1.5166666666667], "Albania": [41.0, 20.0], "Latvia": [56.948888888889, 24.106388888889]}